Position,Amino_Acid,Screen_Frequency,Proteome_Frequency,Enrichment_Ratio,Is_Enriched,Significant,FDR_P_Value
Second,A,0.10204081632653061,0.19465945661406678,0.5242016910015189,No,No,0.8440135177807143
Second,C,0.0,0.011365403711103401,0.0,No,No,1.0
Second,D,0.061224489795918366,0.05658774689844114,1.0819389912413169,Yes,No,1.0
Second,E,0.08163265306122448,0.0868197207699762,0.9402547294238074,No,No,1.0
Second,F,0.0,0.025326904901479895,0.0,No,No,1.0
Second,G,0.16326530612244897,0.07121920872863005,2.2924335869069616,Yes,No,0.21624959618075798
Second,H,0.0,0.012370344670822018,0.0,No,No,1.0
Second,I,0.0,0.023029896993551627,0.0,No,No,1.0
Second,K,0.02040816326530612,0.04780647708375704,0.42689117689117684,No,No,1.0
Second,L,0.10204081632653061,0.06271310131958319,1.6271052488145201,Yes,No,0.9349634511000354
Second,M,0.0,0.019369040640290953,0.0,No,No,1.0
Second,N,0.02040816326530612,0.033091270173591585,0.6167234789794442,No,No,1.0
Second,P,0.16326530612244897,0.05370452343067702,3.040066193552493,Yes,No,0.08680891801150298
Second,Q,0.061224489795918366,0.028927943340471603,2.116448068060971,Yes,No,0.8440135177807143
Second,R,0.02040816326530612,0.04724418868962877,0.4319719277936548,No,No,1.0
Second,S,0.061224489795918366,0.10817471616399679,0.5659778178026353,No,No,1.0
Second,T,0.061224489795918366,0.04711258927823705,1.2995356598708554,Yes,No,1.0
Second,V,0.061224489795918366,0.04383456757629775,1.3967170929507173,Yes,No,1.0
Second,W,0.02040816326530612,0.014176845681744769,1.4395418927064496,Yes,No,1.0
Second,Y,0.0,0.012466053333652362,0.0,No,No,1.0
Third,A,0.10204081632653061,0.10115330318474386,1.00877394127373,Yes,No,1.0
Third,C,0.02040816326530612,0.018256645849783457,1.1178484499959878,Yes,No,0.8002463481979961
Third,D,0.14285714285714285,0.04963749910272055,2.8780084701993593,Yes,No,0.20456222752905212
Third,E,0.10204081632653061,0.07105256861196851,1.4361312802608837,Yes,No,0.8002463481979961
Third,F,0.02040816326530612,0.028677051180819754,0.7116548747158438,No,No,1.0
Third,G,0.0,0.06828894790993707,0.0,No,No,0.787879151529336
Third,H,0.0,0.01999138611729237,0.0,No,No,1.0
Third,I,0.0,0.026021104012633696,0.0,No,No,0.8002463481979961
Third,K,0.0,0.05024764912784438,0.0,No,No,0.8002463481979961
Third,L,0.12244897959183673,0.09358026463761875,1.3084914865971957,Yes,No,0.8002463481979961
Third,M,0.02040816326530612,0.01874715861507908,1.088600341221364,Yes,No,0.8002463481979961
Third,N,0.0,0.0320986768119063,0.0,No,No,0.8002463481979961
Third,P,0.10204081632653061,0.06942550187830498,1.4697886736979815,Yes,No,0.8002463481979961
Third,Q,0.0,0.042291771349269015,0.0,No,No,0.8002463481979961
Third,R,0.10204081632653061,0.06761897925489914,1.5090558516400192,Yes,No,0.8002463481979961
Third,S,0.14285714285714285,0.10038762472184337,1.4230553143674345,Yes,No,0.8002463481979961
Third,T,0.08163265306122448,0.06038092503529299,1.3519609547801683,Yes,No,0.8002463481979961
Third,V,0.02040816326530612,0.05207809920321585,0.3918761164010745,No,No,0.8002463481979961
Third,W,0.0,0.013770248606225922,0.0,No,No,1.0
Third,Y,0.02040816326530612,0.01629459478860096,1.252449878629866,Yes,No,0.8002463481979961
