Amino_Acid,Count_Screen,Freq_Screen,Count_Proteome,Freq_Proteome,Fold_Enrichment,P_Value,FDR_P_Value,Significant,Position
A,5,0.10204081632653061,16271,0.19465945661406678,0.5242016910015189,0.145849538331669,0.8440135177807143,False,Second
C,0,0.0,950,0.011365403711103401,0.0,1.0,1.0,False,Second
D,3,0.061224489795918366,4730,0.05658774689844114,1.0819389912413169,0.7562913335996024,1.0,False,Second
E,4,0.08163265306122448,7257,0.0868197207699762,0.9402547294238074,1.0,1.0,False,Second
F,0,0.0,2117,0.025326904901479895,0.0,0.6376159010833956,1.0,False,Second
G,8,0.16326530612244897,5953,0.07121920872863005,2.2924335869069616,0.021624959618075798,0.21624959618075798,False,Second
H,0,0.0,1034,0.012370344670822018,0.0,1.0,1.0,False,Second
I,0,0.0,1925,0.023029896993551627,0.0,0.63107857926961,1.0,False,Second
K,1,0.02040816326530612,3996,0.04780647708375704,0.42689117689117684,0.7310809123397772,1.0,False,Second
L,5,0.10204081632653061,5242,0.06271310131958319,1.6271052488145201,0.23374086277500886,0.9349634511000354,False,Second
M,0,0.0,1619,0.019369040640290953,0.0,1.0,1.0,False,Second
N,1,0.02040816326530612,2766,0.033091270173591585,0.6167234789794442,1.0,1.0,False,Second
P,8,0.16326530612244897,4489,0.05370452343067702,3.040066193552493,0.004340445900575149,0.08680891801150298,False,Second
Q,3,0.061224489795918366,2418,0.028927943340471603,2.116448068060971,0.16880270355614288,0.8440135177807143,False,Second
R,1,0.02040816326530612,3949,0.04724418868962877,0.4319719277936548,0.7299821523087473,1.0,False,Second
S,3,0.061224489795918366,9042,0.10817471616399679,0.5659778178026353,0.3639814600968997,1.0,False,Second
T,3,0.061224489795918366,3938,0.04711258927823705,1.2995356598708554,0.5021741477146064,1.0,False,Second
V,3,0.061224489795918366,3664,0.04383456757629775,1.3967170929507173,0.4753641333069838,1.0,False,Second
W,1,0.02040816326530612,1185,0.014176845681744769,1.4395418927064496,0.5034248054287135,1.0,False,Second
Y,0,0.0,1042,0.012466053333652362,0.0,1.0,1.0,False,Second
A,5,0.10204081632653061,8455,0.10115330318474386,1.00877394127373,1.0,1.0,False,Third
C,1,0.02040816326530612,1526,0.018256645849783457,1.1178484499959878,0.5947158728409764,0.8002463481979961,False,Third
D,7,0.14285714285714285,4149,0.04963749910272055,2.8780084701993593,0.010228111376452607,0.20456222752905212,False,Third
E,5,0.10204081632653061,5939,0.07105256861196851,1.4361312802608837,0.39554070262297497,0.8002463481979961,False,Third
F,1,0.02040816326530612,2397,0.028677051180819754,0.7116548747158438,1.0,1.0,False,Third
G,0,0.0,5708,0.06828894790993707,0.0,0.0787879151529336,0.787879151529336,False,Third
H,0,0.0,1671,0.01999138611729237,0.0,1.0,1.0,False,Third
I,0,0.0,2175,0.026021104012633696,0.0,0.6401970785583969,0.8002463481979961,False,Third
K,0,0.0,4200,0.05024764912784438,0.0,0.1783676787069327,0.8002463481979961,False,Third
L,6,0.12244897959183673,7822,0.09358026463761875,1.3084914865971957,0.45877083915271344,0.8002463481979961,False,Third
M,1,0.02040816326530612,1567,0.01874715861507908,1.088600341221364,0.604517188407141,0.8002463481979961,False,Third
N,0,0.0,2683,0.0320986768119063,0.0,0.4098119801347237,0.8002463481979961,False,Third
P,5,0.10204081632653061,5803,0.06942550187830498,1.4697886736979815,0.3889765240884967,0.8002463481979961,False,Third
Q,0,0.0,3535,0.042291771349269015,0.0,0.2724800414369647,0.8002463481979961,False,Third
R,5,0.10204081632653061,5652,0.06761897925489914,1.5090558516400192,0.38261007761181876,0.8002463481979961,False,Third
S,7,0.14285714285714285,8391,0.10038762472184337,1.4230553143674345,0.3358228158527672,0.8002463481979961,False,Third
T,4,0.08163265306122448,5047,0.06038092503529299,1.3519609547801683,0.5392327818657383,0.8002463481979961,False,Third
V,1,0.02040816326530612,4353,0.05207809920321585,0.3918761164010745,0.5193470369679267,0.8002463481979961,False,Third
W,0,0.0,1151,0.013770248606225922,0.0,1.0,1.0,False,Third
Y,1,0.02040816326530612,1362,0.01629459478860096,1.252449878629866,0.5530751696945189,0.8002463481979961,False,Third
